{
  "accuracy": 0.967,
  "precision_macro": 0.9668884535752778,
  "recall_macro": 0.9667754414224353,
  "f1_macro": 0.9668102083048815,
  "precision_weighted": 0.9670189785208646,
  "recall_weighted": 0.967,
  "f1_weighted": 0.966988552946241,
  "per_class": {
    "precision": [
      0.9736654804270463,
      0.9822109275730623,
      0.9642601858470335,
      0.9627023223082336,
      0.9725722757598221,
      0.9742558326629123,
      0.9733621310295176,
      0.96900826446281,
      0.9553767373811266,
      0.9414703783012134
    ],
    "recall": [
      0.9905865314989138,
      0.9815873015873016,
      0.9649499284692418,
      0.957983193277311,
      0.9611721611721612,
      0.9588281868566905,
      0.9832727272727273,
      0.9643591501028101,
      0.9567765567765568,
      0.9482386772106398
    ],
    "f1": [
      0.9820531227566404,
      0.9818990155604954,
      0.9646049338577047,
      0.9603369603369604,
      0.9668386145910096,
      0.9664804469273743,
      0.9782923299565847,
      0.9666781174854002,
      0.9560761346998536,
      0.9448424068767909
    ],
    "support": [
      1381,
      1575,
      1398,
      1428,
      1365,
      1263,
      1375,
      1459,
      1365,
      1391
    ]
  }
}